type,sku,name,featured,short_description,regular_price,currency,category_ids,Images,description,optionLists
simple,67665600,"Sakoon Special Samosa",0,"Potato and peas in pastry shell.",8,USD,Appetizers,"https://img.cdn4dd.com/cdn-cgi/image/fit=contain,width=1200,height=672,format=auto/https://doordash-static.s3.amazonaws.com/media/photos/4b3b55a2-4537-44ab-b033-0ebd806cbfaf-retina-large.jpg,","Potato and peas in pastry shell.",[]
simple,108753620,"Lemon Fish Tikka",0,"Fish marinated with lemon sauce & spices then cooked in clay oven ",13,USD,Appetizers,",","Fish marinated with lemon sauce & spices then cooked in clay oven ",[]
simple,67665605,"Mint Murgh Tikka",0,"Chicken cubes marinated in fresh mint,hang curd finished in the clay oven",13,USD,Appetizers,",","Chicken cubes marinated in fresh mint,hang curd finished in the clay oven",[]
simple,67665608,"Tandoori Triple Play",0,"Combination of triple grilled delicacy, achari chicken tikka, reshmi
sheekh kabab & fish tikka",14,USD,Appetizers,",","Combination of triple grilled delicacy, achari chicken tikka, reshmi
sheekh kabab & fish tikka",[]
simple,171799690,"Chaat Papadi",0,"Homemade crispy wafers served with sweet yogurt, potato in a
tangy sauce
",9,USD,Appetizers,",","Homemade crispy wafers served with sweet yogurt, potato in a
tangy sauce
",[]
simple,67665596,"Avocado Jhalmuri",0,"Rice puffs and avocado layered with mix of onion, tomato, mint &
tamarind bouquet
",9,USD,Appetizers,",","Rice puffs and avocado layered with mix of onion, tomato, mint &
tamarind bouquet
",[]
simple,67665601,"Lasooni Gobi",0,"Cauliflower tossed with garlic flakes, served in roasted garlic
tomato sauce",9,USD,Appetizers,",","Cauliflower tossed with garlic flakes, served in roasted garlic
tomato sauce",[]
simple,67665606,"Basil  Seekh Kebab",0,"Spices ground chicken kebab with fresh basil baked in the clay oven.",13,USD,Appetizers,",","Spices ground chicken kebab with fresh basil baked in the clay oven.",[]
simple,67665607,"Amritsari  Fish",0,"Deep fried fish coated with gram flour and served with mint chutney",12,USD,Appetizers,",","Deep fried fish coated with gram flour and served with mint chutney",[]
simple,67665603,"Dahi Ke Kabab",0,"Paneer and Potatoes medaillon flavored with mint, seasoned with
spices",9,USD,Appetizers,",","Paneer and Potatoes medaillon flavored with mint, seasoned with
spices",[]
simple,8990272189,"Panch Poran Paneer Tikka",0,"Cottage cheese marinated with pickle based spices
",13,USD,Appetizers,",","Cottage cheese marinated with pickle based spices
",[]
simple,67665602,"Delhi Ki Aloo Chat",0,"Grilled seasoned potato medallions served with chana pindi &
chutney",9,USD,Appetizers,",","Grilled seasoned potato medallions served with chana pindi &
chutney",[]
simple,67665645,"Butter Chicken",0,"Butter infused tomato sauce chicken, finished with fenugreek cream",18,USD,"Meat Entrées","https://img.cdn4dd.com/cdn-cgi/image/fit=contain,width=1200,height=672,format=auto/https://doordash-static.s3.amazonaws.com/media/photos/4bf30fae-0567-421e-9ef5-0d34c28774c5-retina-large.jpg,https://img.cdn4dd.com/u/media/bd037f7c-3754-4b17-84d2-834b04d66e0e.png","Butter infused tomato sauce chicken, finished with fenugreek cream","[{""type"":""rec_product"",""title"":""Recommended Sides And Apps"",""wpc_pro_pao_option_products"":[1544,1545,1546,1547,1548],""title_format"":""label"",""place_holder"":"""",""char_limit"":0,""char_min"":0,""char_max"":0,""position"":0,""desc_enable"":1,""desc"":""Choose up to 5"",""required"":false,""options"":[{""label"":""rec"",""price"":"""",""price_type"":""quantity_based"",""default"":0}]}]"
simple,67665646,"Chicken Tikka Masala",0,"Oven grilled chicken breast (boneless) cooked in a creamy tomato sauce with onion & bell peppers",18,USD,"Meat Entrées","https://img.cdn4dd.com/cdn-cgi/image/fit=contain,width=1200,height=672,format=auto/https://doordash-static.s3.amazonaws.com/media/photos/c07deef8-5609-4923-9f05-f101ad0a20aa-retina-large.jpg,","Oven grilled chicken breast (boneless) cooked in a creamy tomato sauce with onion & bell peppers","[{""type"":""rec_product"",""title"":""Recommended Sides And Apps"",""wpc_pro_pao_option_products"":[1544,1545,1546,1547,1548],""title_format"":""label"",""place_holder"":"""",""char_limit"":0,""char_min"":0,""char_max"":0,""position"":0,""desc_enable"":1,""desc"":""Choose up to 5"",""required"":false,""options"":[{""label"":""rec"",""price"":"""",""price_type"":""quantity_based"",""default"":0}]}]"
simple,67665648,"Murgh Chettinad",0,"Chicken spicy in a peppercorn & fennel chettinad sauce",18,USD,"Meat Entrées",",","Chicken spicy in a peppercorn & fennel chettinad sauce","[{""type"":""rec_product"",""title"":""Recommended Sides And Apps"",""wpc_pro_pao_option_products"":[1544,1545,1546,1547,1548],""title_format"":""label"",""place_holder"":"""",""char_limit"":0,""char_min"":0,""char_max"":0,""position"":0,""desc_enable"":1,""desc"":""Choose up to 5"",""required"":false,""options"":[{""label"":""rec"",""price"":"""",""price_type"":""quantity_based"",""default"":0}]}]"
simple,67665642,"Classic Chicken Curry",0,"cubes of chicken cooked in onion and tomato sauce with a hint of cream",18,USD,"Meat Entrées","https://img.cdn4dd.com/cdn-cgi/image/fit=contain,width=1200,height=672,format=auto/https://doordash-static.s3.amazonaws.com/media/photosV2/e0eda674-4238-401d-a0f9-637c1649be73-retina-large.jpg,https://img.cdn4dd.com/u/media/6599bef0-2e30-4a91-9cc3-06203b8b7d7f.jpg","cubes of chicken cooked in onion and tomato sauce with a hint of cream","[{""type"":""rec_product"",""title"":""Recommended Sides And Apps"",""wpc_pro_pao_option_products"":[1544,1545,1546,1547,1548],""title_format"":""label"",""place_holder"":"""",""char_limit"":0,""char_min"":0,""char_max"":0,""position"":0,""desc_enable"":1,""desc"":""Choose up to 5"",""required"":false,""options"":[{""label"":""rec"",""price"":"""",""price_type"":""quantity_based"",""default"":0}]}]"
simple,67665649,"Kashmiri Rogan Josh",0,"Gluten free. Kashmiri delicacy of lamb in fennel flavored onion gravy.",20,USD,"Meat Entrées",",","Gluten free. Kashmiri delicacy of lamb in fennel flavored onion gravy.","[{""type"":""rec_product"",""title"":""Recommended Sides And Apps"",""wpc_pro_pao_option_products"":[1544,1545,1546,1547,1548],""title_format"":""label"",""place_holder"":"""",""char_limit"":0,""char_min"":0,""char_max"":0,""position"":0,""desc_enable"":1,""desc"":""Choose up to 5"",""required"":false,""options"":[{""label"":""rec"",""price"":"""",""price_type"":""quantity_based"",""default"":0}]}]"
simple,67665654,"Bhuna Goat",0,"Goat with golden onions and spices in a thick
sauce",20,USD,"Meat Entrées",",","Goat with golden onions and spices in a thick
sauce","[{""type"":""rec_product"",""title"":""Recommended Sides And Apps"",""wpc_pro_pao_option_products"":[1544,1545,1546,1547,1548],""title_format"":""label"",""place_holder"":"""",""char_limit"":0,""char_min"":0,""char_max"":0,""position"":0,""desc_enable"":1,""desc"":""Choose up to 5"",""required"":false,""options"":[{""label"":""rec"",""price"":"""",""price_type"":""quantity_based"",""default"":0}]}]"
simple,67665647,"Sunehri Murgh",0,"Chicken cubes cooked in a mild cashew nut and onion sauce
finished with yogurt cream & saffron
",18,USD,"Meat Entrées",",","Chicken cubes cooked in a mild cashew nut and onion sauce
finished with yogurt cream & saffron
","[{""type"":""rec_product"",""title"":""Recommended Sides And Apps"",""wpc_pro_pao_option_products"":[1544,1545,1546,1547,1548],""title_format"":""label"",""place_holder"":"""",""char_limit"":0,""char_min"":0,""char_max"":0,""position"":0,""desc_enable"":1,""desc"":""Choose up to 5"",""required"":false,""options"":[{""label"":""rec"",""price"":"""",""price_type"":""quantity_based"",""default"":0}]}]"
simple,67665650,"Gosht Malabar",0,"Gluten free. Lamb simmered in coconut milk with mustard seeds and spices.",20,USD,"Meat Entrées",",","Gluten free. Lamb simmered in coconut milk with mustard seeds and spices.","[{""type"":""rec_product"",""title"":""Recommended Sides And Apps"",""wpc_pro_pao_option_products"":[1544,1545,1546,1547,1548],""title_format"":""label"",""place_holder"":"""",""char_limit"":0,""char_min"":0,""char_max"":0,""position"":0,""desc_enable"":1,""desc"":""Choose up to 5"",""required"":false,""options"":[{""label"":""rec"",""price"":"""",""price_type"":""quantity_based"",""default"":0}]}]"
simple,67665652,"Saag Gosht",0,"Gluten free. Lamb cooked with spinach and Indian spices.",20,USD,"Meat Entrées",",","Gluten free. Lamb cooked with spinach and Indian spices.","[{""type"":""rec_product"",""title"":""Recommended Sides And Apps"",""wpc_pro_pao_option_products"":[1544,1545,1546,1547,1548],""title_format"":""label"",""place_holder"":"""",""char_limit"":0,""char_min"":0,""char_max"":0,""position"":0,""desc_enable"":1,""desc"":""Choose up to 5"",""required"":false,""options"":[{""label"":""rec"",""price"":"""",""price_type"":""quantity_based"",""default"":0}]}]"
simple,67665651,"Chicken Vindaloo",0,"Goan style chicken in red chili pepper sauce, finished with white vinegar  ",18,USD,"Meat Entrées",",","Goan style chicken in red chili pepper sauce, finished with white vinegar  ","[{""type"":""rec_product"",""title"":""Recommended Sides And Apps"",""wpc_pro_pao_option_products"":[1544,1545,1546,1547,1548],""title_format"":""label"",""place_holder"":"""",""char_limit"":0,""char_min"":0,""char_max"":0,""position"":0,""desc_enable"":1,""desc"":""Choose up to 5"",""required"":false,""options"":[{""label"":""rec"",""price"":"""",""price_type"":""quantity_based"",""default"":0}]}]"
simple,67665643,"Murgh Sakoonwala",0,"Cubes of chicken, onion, bell peppers cooked with cooked onion &
tomato sauce
",18,USD,"Meat Entrées",",","Cubes of chicken, onion, bell peppers cooked with cooked onion &
tomato sauce
","[{""type"":""rec_product"",""title"":""Recommended Sides And Apps"",""wpc_pro_pao_option_products"":[1544,1545,1546,1547,1548],""title_format"":""label"",""place_holder"":"""",""char_limit"":0,""char_min"":0,""char_max"":0,""position"":0,""desc_enable"":1,""desc"":""Choose up to 5"",""required"":false,""options"":[{""label"":""rec"",""price"":"""",""price_type"":""quantity_based"",""default"":0}]}]"
simple,67665644,"Lamb Vindaaloo",0,"Lamb in red chilli pepper sauce, finished with wine vinegar",20,USD,"Meat Entrées",",","Lamb in red chilli pepper sauce, finished with wine vinegar","[{""type"":""rec_product"",""title"":""Recommended Sides And Apps"",""wpc_pro_pao_option_products"":[1544,1545,1546,1547,1548],""title_format"":""label"",""place_holder"":"""",""char_limit"":0,""char_min"":0,""char_max"":0,""position"":0,""desc_enable"":1,""desc"":""Choose up to 5"",""required"":false,""options"":[{""label"":""rec"",""price"":"""",""price_type"":""quantity_based"",""default"":0}]}]"
simple,67665653,"Bhuna Gosht",0,"Gluten free. Lamb with golden onions and spices in a thick sauce.",20,USD,"Meat Entrées",",","Gluten free. Lamb with golden onions and spices in a thick sauce.","[{""type"":""rec_product"",""title"":""Recommended Sides And Apps"",""wpc_pro_pao_option_products"":[1544,1545,1546,1547,1548],""title_format"":""label"",""place_holder"":"""",""char_limit"":0,""char_min"":0,""char_max"":0,""position"":0,""desc_enable"":1,""desc"":""Choose up to 5"",""required"":false,""options"":[{""label"":""rec"",""price"":"""",""price_type"":""quantity_based"",""default"":0}]}]"
simple,67665639,"Paneer Peshawari",0,"Baton cut farmers cheese, onion, bell pepper simmered in tomato
& onion sauce mix",18,USD,"Vegetarian Entrées","https://img.cdn4dd.com/cdn-cgi/image/fit=contain,width=1200,height=672,format=auto/https://doordash-static.s3.amazonaws.com/media/photosV2/356acbfb-8bd0-4ad7-801b-7b55210801e4-retina-large.jpg,","Baton cut farmers cheese, onion, bell pepper simmered in tomato
& onion sauce mix","[{""type"":""rec_product"",""title"":""Recommended Sides And Apps"",""wpc_pro_pao_option_products"":[1544,1545,1546,1547,1548],""title_format"":""label"",""place_holder"":"""",""char_limit"":0,""char_min"":0,""char_max"":0,""position"":0,""desc_enable"":1,""desc"":""Choose up to 5"",""required"":false,""options"":[{""label"":""rec"",""price"":"""",""price_type"":""quantity_based"",""default"":0}]}]"
simple,108756019,"Paneer Butter Masala",0,"Spiced butter tomato sauce cooked with paneer",18,USD,"Vegetarian Entrées","https://img.cdn4dd.com/cdn-cgi/image/fit=contain,width=1200,height=672,format=auto/https://doordash-static.s3.amazonaws.com/media/photosV2/f939d2a0-f6b3-45d7-8207-9490ec8b0995-retina-large.jpg,","Spiced butter tomato sauce cooked with paneer","[{""type"":""rec_product"",""title"":""Recommended Sides And Apps"",""wpc_pro_pao_option_products"":[1544,1545,1546,1547,1548],""title_format"":""label"",""place_holder"":"""",""char_limit"":0,""char_min"":0,""char_max"":0,""position"":0,""desc_enable"":1,""desc"":""Choose up to 5"",""required"":false,""options"":[{""label"":""rec"",""price"":"""",""price_type"":""quantity_based"",""default"":0}]}]"
simple,67665632,"Dal Sakoonwala",0,"Traditional punjabi black lentils simmered on low fire with tomato,
red chilies, ginger & garlic
",16,USD,"Vegetarian Entrées","https://img.cdn4dd.com/cdn-cgi/image/fit=contain,width=1200,height=672,format=auto/https://doordash-static.s3.amazonaws.com/media/photosV2/583034b9-5391-4244-8a05-c3abb6d4f9de-retina-large.JPG,","Traditional punjabi black lentils simmered on low fire with tomato,
red chilies, ginger & garlic
","[{""type"":""rec_product"",""title"":""Recommended Sides And Apps"",""wpc_pro_pao_option_products"":[1544,1545,1546,1547,1548],""title_format"":""label"",""place_holder"":"""",""char_limit"":0,""char_min"":0,""char_max"":0,""position"":0,""desc_enable"":1,""desc"":""Choose up to 5"",""required"":false,""options"":[{""label"":""rec"",""price"":"""",""price_type"":""quantity_based"",""default"":0}]}]"
simple,108755995,"Sham Savera Kofta",0,"Spinach dumplings stuffed with cheese, dry fruits, served in
tomato sauce
",18,USD,"Vegetarian Entrées","https://img.cdn4dd.com/cdn-cgi/image/fit=contain,width=1200,height=672,format=auto/https://doordash-static.s3.amazonaws.com/media/photosV2/8cd81118-2439-4517-b992-612d7a41e1d7-retina-large.jpg,","Spinach dumplings stuffed with cheese, dry fruits, served in
tomato sauce
","[{""type"":""rec_product"",""title"":""Recommended Sides And Apps"",""wpc_pro_pao_option_products"":[1544,1545,1546,1547,1548],""title_format"":""label"",""place_holder"":"""",""char_limit"":0,""char_min"":0,""char_max"":0,""position"":0,""desc_enable"":1,""desc"":""Choose up to 5"",""required"":false,""options"":[{""label"":""rec"",""price"":"""",""price_type"":""quantity_based"",""default"":0}]}]"
simple,67665637,"Saag Pasand Se",0,"Garden fresh spinach cooked with ginger, garlic, onions with your
choice of cheese/potato/corn/lotus seed",17,USD,"Vegetarian Entrées",",","Garden fresh spinach cooked with ginger, garlic, onions with your
choice of cheese/potato/corn/lotus seed","[{""type"":""rec_product"",""title"":""Recommended Sides And Apps"",""wpc_pro_pao_option_products"":[1544,1545,1546,1547,1548],""title_format"":""label"",""place_holder"":"""",""char_limit"":0,""char_min"":0,""char_max"":0,""position"":0,""desc_enable"":1,""desc"":""Choose up to 5"",""required"":false,""options"":[{""label"":""rec"",""price"":"""",""price_type"":""quantity_based"",""default"":0}]}]"
simple,67665633,"Yellow Dal Tarka",0,"Combination of yellow and red lentils tempered with curry leaves,
red chilies & mustard",16,USD,"Vegetarian Entrées",",","Combination of yellow and red lentils tempered with curry leaves,
red chilies & mustard","[{""type"":""rec_product"",""title"":""Recommended Sides And Apps"",""wpc_pro_pao_option_products"":[1544,1545,1546,1547,1548],""title_format"":""label"",""place_holder"":"""",""char_limit"":0,""char_min"":0,""char_max"":0,""position"":0,""desc_enable"":1,""desc"":""Choose up to 5"",""required"":false,""options"":[{""label"":""rec"",""price"":"""",""price_type"":""quantity_based"",""default"":0}]}]"
simple,108756025,"Shahi Paneer",0,"Fresh cottage cheese cubes cooked in onion, yogurt & cashew
nut sauce
",18,USD,"Vegetarian Entrées",",","Fresh cottage cheese cubes cooked in onion, yogurt & cashew
nut sauce
","[{""type"":""rec_product"",""title"":""Recommended Sides And Apps"",""wpc_pro_pao_option_products"":[1544,1545,1546,1547,1548],""title_format"":""label"",""place_holder"":"""",""char_limit"":0,""char_min"":0,""char_max"":0,""position"":0,""desc_enable"":1,""desc"":""Choose up to 5"",""required"":false,""options"":[{""label"":""rec"",""price"":"""",""price_type"":""quantity_based"",""default"":0}]}]"
simple,67665640,"Phool Makhane Ki Sabzi",0,"Popped lotus seeds prepared with Indian cottage cheese, green
peas & cashew nut sauce
",18,USD,"Vegetarian Entrées",",","Popped lotus seeds prepared with Indian cottage cheese, green
peas & cashew nut sauce
","[{""type"":""rec_product"",""title"":""Recommended Sides And Apps"",""wpc_pro_pao_option_products"":[1544,1545,1546,1547,1548],""title_format"":""label"",""place_holder"":"""",""char_limit"":0,""char_min"":0,""char_max"":0,""position"":0,""desc_enable"":1,""desc"":""Choose up to 5"",""required"":false,""options"":[{""label"":""rec"",""price"":"""",""price_type"":""quantity_based"",""default"":0}]}]"
simple,67665634,"Chef's Special Chana Pindi",0,"Rawalpindi style chic peas tempered with spices
",16,USD,"Vegetarian Entrées",",","Rawalpindi style chic peas tempered with spices
","[{""type"":""rec_product"",""title"":""Recommended Sides And Apps"",""wpc_pro_pao_option_products"":[1544,1545,1546,1547,1548],""title_format"":""label"",""place_holder"":"""",""char_limit"":0,""char_min"":0,""char_max"":0,""position"":0,""desc_enable"":1,""desc"":""Choose up to 5"",""required"":false,""options"":[{""label"":""rec"",""price"":"""",""price_type"":""quantity_based"",""default"":0}]}]"
simple,8990669820,"Soya Tikka Masala",0,"Oven grilled soya malai chaap, onion, bell peppers cooked with onions & a creamy tomato sauce. ",17,USD,"Vegetarian Entrées",",","Oven grilled soya malai chaap, onion, bell peppers cooked with onions & a creamy tomato sauce. ","[{""type"":""rec_product"",""title"":""Recommended Sides And Apps"",""wpc_pro_pao_option_products"":[1544,1545,1546,1547,1548],""title_format"":""label"",""place_holder"":"""",""char_limit"":0,""char_min"":0,""char_max"":0,""position"":0,""desc_enable"":1,""desc"":""Choose up to 5"",""required"":false,""options"":[{""label"":""rec"",""price"":"""",""price_type"":""quantity_based"",""default"":0}]}]"
simple,67665641,"Mirchi Baigan Ka Salan",0,"Indian eggplant and peppers cooked with ground peanut & spices",18,USD,"Vegetarian Entrées",",","Indian eggplant and peppers cooked with ground peanut & spices","[{""type"":""rec_product"",""title"":""Recommended Sides And Apps"",""wpc_pro_pao_option_products"":[1544,1545,1546,1547,1548],""title_format"":""label"",""place_holder"":"""",""char_limit"":0,""char_min"":0,""char_max"":0,""position"":0,""desc_enable"":1,""desc"":""Choose up to 5"",""required"":false,""options"":[{""label"":""rec"",""price"":"""",""price_type"":""quantity_based"",""default"":0}]}]"
simple,108755577,"Vegetable Jalfrezi",0,"Farm fresh vegetables (cauliflower, bell peppers, peas,potates) and paneer tossed in homeground spices with garlic and tomato sauce",17,USD,"Vegetarian Entrées",",","Farm fresh vegetables (cauliflower, bell peppers, peas,potates) and paneer tossed in homeground spices with garlic and tomato sauce","[{""type"":""rec_product"",""title"":""Recommended Sides And Apps"",""wpc_pro_pao_option_products"":[1544,1545,1546,1547,1548],""title_format"":""label"",""place_holder"":"""",""char_limit"":0,""char_min"":0,""char_max"":0,""position"":0,""desc_enable"":1,""desc"":""Choose up to 5"",""required"":false,""options"":[{""label"":""rec"",""price"":"""",""price_type"":""quantity_based"",""default"":0}]}]"
simple,67665636,"Kadhai Bindhi",0,"Fresh okra tossed with onion, tomato, bell pepper & spices
",17,USD,"Vegetarian Entrées",",","Fresh okra tossed with onion, tomato, bell pepper & spices
","[{""type"":""rec_product"",""title"":""Recommended Sides And Apps"",""wpc_pro_pao_option_products"":[1544,1545,1546,1547,1548],""title_format"":""label"",""place_holder"":"""",""char_limit"":0,""char_min"":0,""char_max"":0,""position"":0,""desc_enable"":1,""desc"":""Choose up to 5"",""required"":false,""options"":[{""label"":""rec"",""price"":"""",""price_type"":""quantity_based"",""default"":0}]}]"
simple,171802573,"Adraki Aloo Gobhi",0,"Cauliflower, potato and ginger cooked with Seasoned
spices",17,USD,"Vegetarian Entrées",",","Cauliflower, potato and ginger cooked with Seasoned
spices","[{""type"":""rec_product"",""title"":""Recommended Sides And Apps"",""wpc_pro_pao_option_products"":[1544,1545,1546,1547,1548],""title_format"":""label"",""place_holder"":"""",""char_limit"":0,""char_min"":0,""char_max"":0,""position"":0,""desc_enable"":1,""desc"":""Choose up to 5"",""required"":false,""options"":[{""label"":""rec"",""price"":"""",""price_type"":""quantity_based"",""default"":0}]}]"
simple,67665612,"Tandoori Chicken (Full)",0,"Roasted chicken on bone with tandoori masala, served with mint
& tamarind sauce
",22,USD,Tandoor,"https://img.cdn4dd.com/cdn-cgi/image/fit=contain,width=1200,height=672,format=auto/https://doordash-static.s3.amazonaws.com/media/yelp/2961a059-3708-4f60-a930-921379fe581a.jpg,","Roasted chicken on bone with tandoori masala, served with mint
& tamarind sauce
","[{""type"":""rec_product"",""title"":""Recommended Sides And Apps"",""wpc_pro_pao_option_products"":[1544,1545,1546,1547,1548],""title_format"":""label"",""place_holder"":"""",""char_limit"":0,""char_min"":0,""char_max"":0,""position"":0,""desc_enable"":1,""desc"":""Choose up to 5"",""required"":false,""options"":[{""label"":""rec"",""price"":"""",""price_type"":""quantity_based"",""default"":0}]}]"
simple,67665610,"Soufiya Paneer",0,"Marinated cheese cubes, fennel, roasted red pepper & spices with
spring salad
",20,USD,Tandoor,",","Marinated cheese cubes, fennel, roasted red pepper & spices with
spring salad
","[{""type"":""rec_product"",""title"":""Recommended Sides And Apps"",""wpc_pro_pao_option_products"":[1544,1545,1546,1547,1548],""title_format"":""label"",""place_holder"":"""",""char_limit"":0,""char_min"":0,""char_max"":0,""position"":0,""desc_enable"":1,""desc"":""Choose up to 5"",""required"":false,""options"":[{""label"":""rec"",""price"":"""",""price_type"":""quantity_based"",""default"":0}]}]"
simple,108754071,"Malai Soya Chaap",0,"Marinated soya cubes cooked with creamy spiced sauce",17,USD,Tandoor,",","Marinated soya cubes cooked with creamy spiced sauce","[{""type"":""rec_product"",""title"":""Recommended Sides And Apps"",""wpc_pro_pao_option_products"":[1544,1545,1546,1547,1548],""title_format"":""label"",""place_holder"":"""",""char_limit"":0,""char_min"":0,""char_max"":0,""position"":0,""desc_enable"":1,""desc"":""Choose up to 5"",""required"":false,""options"":[{""label"":""rec"",""price"":"""",""price_type"":""quantity_based"",""default"":0}]}]"
simple,67665613,"Achari Chicken Tikka",0,"Chicken cubes marinated in pickled spices, finished in a tandoor",18,USD,Tandoor,",","Chicken cubes marinated in pickled spices, finished in a tandoor","[{""type"":""rec_product"",""title"":""Recommended Sides And Apps"",""wpc_pro_pao_option_products"":[1544,1545,1546,1547,1548],""title_format"":""label"",""place_holder"":"""",""char_limit"":0,""char_min"":0,""char_max"":0,""position"":0,""desc_enable"":1,""desc"":""Choose up to 5"",""required"":false,""options"":[{""label"":""rec"",""price"":"""",""price_type"":""quantity_based"",""default"":0}]}]"
simple,67665619,"Sakoon Mixed Grilled Special ",0,"House specialty Lamb Chops, Shrimps, achari chicken tikka &
sheekh kabab
",29,USD,Tandoor,",","House specialty Lamb Chops, Shrimps, achari chicken tikka &
sheekh kabab
","[{""type"":""rec_product"",""title"":""Recommended Sides And Apps"",""wpc_pro_pao_option_products"":[1544,1545,1546,1547,1548],""title_format"":""label"",""place_holder"":"""",""char_limit"":0,""char_min"":0,""char_max"":0,""position"":0,""desc_enable"":1,""desc"":""Choose up to 5"",""required"":false,""options"":[{""label"":""rec"",""price"":"""",""price_type"":""quantity_based"",""default"":0}]}]"
simple,242205533,"Shahi Seekh kebab",0,"Ground lamb infused with herbs & roasted cumin
",23,USD,Tandoor,",","Ground lamb infused with herbs & roasted cumin
","[{""type"":""rec_product"",""title"":""Recommended Sides And Apps"",""wpc_pro_pao_option_products"":[1544,1545,1546,1547,1548],""title_format"":""label"",""place_holder"":"""",""char_limit"":0,""char_min"":0,""char_max"":0,""position"":0,""desc_enable"":1,""desc"":""Choose up to 5"",""required"":false,""options"":[{""label"":""rec"",""price"":"""",""price_type"":""quantity_based"",""default"":0}]}]"
simple,171800674,"Pesto Salmon Tikka",0,"Grilled Salmon fillet flavored with pesto, herb & spices.  ",24,USD,Tandoor,"https://img.cdn4dd.com/cdn-cgi/image/fit=contain,width=1200,height=672,format=auto/https://doordash-static.s3.amazonaws.com/media/yelp/e815f998-ac3a-48ab-b9d4-74f2f7cf0ac6.jpg,","Grilled Salmon fillet flavored with pesto, herb & spices.  ","[{""type"":""rec_product"",""title"":""Recommended Sides And Apps"",""wpc_pro_pao_option_products"":[1544,1545,1546,1547,1548],""title_format"":""label"",""place_holder"":"""",""char_limit"":0,""char_min"":0,""char_max"":0,""position"":0,""desc_enable"":1,""desc"":""Choose up to 5"",""required"":false,""options"":[{""label"":""rec"",""price"":"""",""price_type"":""quantity_based"",""default"":0}]}]"
simple,67665618,"Samudri Prawns",0,"Tiger prawns marinated in yogurt and spices, served with tomato
chutney",26,USD,Tandoor,",","Tiger prawns marinated in yogurt and spices, served with tomato
chutney","[{""type"":""rec_product"",""title"":""Recommended Sides And Apps"",""wpc_pro_pao_option_products"":[1544,1545,1546,1547,1548],""title_format"":""label"",""place_holder"":"""",""char_limit"":0,""char_min"":0,""char_max"":0,""position"":0,""desc_enable"":1,""desc"":""Choose up to 5"",""required"":false,""options"":[{""label"":""rec"",""price"":"""",""price_type"":""quantity_based"",""default"":0}]}]"
simple,67665609,"Tandoori Veggies",0,"Aromatic herbs marinated cauliflower, bell pepper, onion, paneer &
pineapple",17,USD,Tandoor,",","Aromatic herbs marinated cauliflower, bell pepper, onion, paneer &
pineapple","[{""type"":""rec_product"",""title"":""Recommended Sides And Apps"",""wpc_pro_pao_option_products"":[1544,1545,1546,1547,1548],""title_format"":""label"",""place_holder"":"""",""char_limit"":0,""char_min"":0,""char_max"":0,""position"":0,""desc_enable"":1,""desc"":""Choose up to 5"",""required"":false,""options"":[{""label"":""rec"",""price"":"""",""price_type"":""quantity_based"",""default"":0}]}]"
simple,67665611,"Tandoori Chicken(Half)",0,"Roasted chicken on bone with tandoori masala ,served with mint and tamarind sauce",17,USD,Tandoor,",","Roasted chicken on bone with tandoori masala ,served with mint and tamarind sauce","[{""type"":""rec_product"",""title"":""Recommended Sides And Apps"",""wpc_pro_pao_option_products"":[1544,1545,1546,1547,1548],""title_format"":""label"",""place_holder"":"""",""char_limit"":0,""char_min"":0,""char_max"":0,""position"":0,""desc_enable"":1,""desc"":""Choose up to 5"",""required"":false,""options"":[{""label"":""rec"",""price"":"""",""price_type"":""quantity_based"",""default"":0}]}]"
simple,8991849607,"Lamb Chop",0,"Lamb rack in cumin, dry ginger, kashmiri powder marinade, grilled to perfection!",29,USD,Tandoor,",","Lamb rack in cumin, dry ginger, kashmiri powder marinade, grilled to perfection!","[{""type"":""rec_product"",""title"":""Recommended Sides And Apps"",""wpc_pro_pao_option_products"":[1544,1545,1546,1547,1548],""title_format"":""label"",""place_holder"":"""",""char_limit"":0,""char_min"":0,""char_max"":0,""position"":0,""desc_enable"":1,""desc"":""Choose up to 5"",""required"":false,""options"":[{""label"":""rec"",""price"":"""",""price_type"":""quantity_based"",""default"":0}]}]"
simple,108754611,"Bombay Fish Masala",0,"Fish cooked with onion, tomato, fenugreek, coriander",19,USD,Seafood,",","Fish cooked with onion, tomato, fenugreek, coriander","[{""type"":""rec_product"",""title"":""Recommended Sides And Apps"",""wpc_pro_pao_option_products"":[1544,1545,1546,1547,1548],""title_format"":""label"",""place_holder"":"""",""char_limit"":0,""char_min"":0,""char_max"":0,""position"":0,""desc_enable"":1,""desc"":""Choose up to 5"",""required"":false,""options"":[{""label"":""rec"",""price"":"""",""price_type"":""quantity_based"",""default"":0}]}]"
simple,67665629,"Goan Shrimp",0,"Shrimps in delicious goan style onion sauce with coconut cream",21,USD,Seafood,",","Shrimps in delicious goan style onion sauce with coconut cream","[{""type"":""rec_product"",""title"":""Recommended Sides And Apps"",""wpc_pro_pao_option_products"":[1544,1545,1546,1547,1548],""title_format"":""label"",""place_holder"":"""",""char_limit"":0,""char_min"":0,""char_max"":0,""position"":0,""desc_enable"":1,""desc"":""Choose up to 5"",""required"":false,""options"":[{""label"":""rec"",""price"":"""",""price_type"":""quantity_based"",""default"":0}]}]"
simple,67665628,"Meen Molie",0,"Traditional kerala Fish, Shrimp curry cooked in coconut milk, onion
& curry leaf",20,USD,Seafood,",","Traditional kerala Fish, Shrimp curry cooked in coconut milk, onion
& curry leaf","[{""type"":""rec_product"",""title"":""Recommended Sides And Apps"",""wpc_pro_pao_option_products"":[1544,1545,1546,1547,1548],""title_format"":""label"",""place_holder"":"""",""char_limit"":0,""char_min"":0,""char_max"":0,""position"":0,""desc_enable"":1,""desc"":""Choose up to 5"",""required"":false,""options"":[{""label"":""rec"",""price"":"""",""price_type"":""quantity_based"",""default"":0}]}]"
simple,67665630,"Konkan Fish Curry",0,"Fish blended with herbs, spices, & coconut milk ",19,USD,Seafood,",","Fish blended with herbs, spices, & coconut milk ","[{""type"":""rec_product"",""title"":""Recommended Sides And Apps"",""wpc_pro_pao_option_products"":[1544,1545,1546,1547,1548],""title_format"":""label"",""place_holder"":"""",""char_limit"":0,""char_min"":0,""char_max"":0,""position"":0,""desc_enable"":1,""desc"":""Choose up to 5"",""required"":false,""options"":[{""label"":""rec"",""price"":"""",""price_type"":""quantity_based"",""default"":0}]}]"
simple,67665669,"Chicken Biryani",0,"Pot sealed basmati rice biryani with aromatic herbs and spices accompanied with raita.",19,USD,"Biryani & Rice","https://img.cdn4dd.com/cdn-cgi/image/fit=contain,width=1200,height=672,format=auto/https://doordash-static.s3.amazonaws.com/media/photos/61a89ed4-2baf-4dbd-8270-8ba4edb28699-retina-large.jpg,","Pot sealed basmati rice biryani with aromatic herbs and spices accompanied with raita.","[{""type"":""rec_product"",""title"":""Recommended Sides And Apps"",""wpc_pro_pao_option_products"":[1544,1545,1546,1547,1548],""title_format"":""label"",""place_holder"":"""",""char_limit"":0,""char_min"":0,""char_max"":0,""position"":0,""desc_enable"":1,""desc"":""Choose up to 5"",""required"":false,""options"":[{""label"":""rec"",""price"":"""",""price_type"":""quantity_based"",""default"":0}]}]"
simple,67665671,"Saffron Rice",0,"Long grained basmati rice with saffron.",5,USD,"Biryani & Rice",",","Long grained basmati rice with saffron.",[]
simple,67665670,"Lamb Dum Biryani",0,"Pot sealed basmati rice biryani with aromatic herbs and spices accompanied with yogurt raita.",20,USD,"Biryani & Rice",",","Pot sealed basmati rice biryani with aromatic herbs and spices accompanied with yogurt raita.","[{""type"":""rec_product"",""title"":""Recommended Sides And Apps"",""wpc_pro_pao_option_products"":[1544,1545,1546,1547,1548],""title_format"":""label"",""place_holder"":"""",""char_limit"":0,""char_min"":0,""char_max"":0,""position"":0,""desc_enable"":1,""desc"":""Choose up to 5"",""required"":false,""options"":[{""label"":""rec"",""price"":"""",""price_type"":""quantity_based"",""default"":0}]}]"
simple,67665667,"Veggie Subz Biryani",0,"Pot sealed basmati rice biryani with aromatic herbs and spices accompanied with raita.",18,USD,"Biryani & Rice",",","Pot sealed basmati rice biryani with aromatic herbs and spices accompanied with raita.","[{""type"":""rec_product"",""title"":""Recommended Sides And Apps"",""wpc_pro_pao_option_products"":[1544,1545,1546,1547,1548],""title_format"":""label"",""place_holder"":"""",""char_limit"":0,""char_min"":0,""char_max"":0,""position"":0,""desc_enable"":1,""desc"":""Choose up to 5"",""required"":false,""options"":[{""label"":""rec"",""price"":"""",""price_type"":""quantity_based"",""default"":0}]}]"
simple,171803407,"Coconut Rice",0,"Fresh grated coconut milk with touch of indian spices",6,USD,"Biryani & Rice","https://img.cdn4dd.com/cdn-cgi/image/fit=contain,width=1200,height=672,format=auto/https://doordash-static.s3.amazonaws.com/media/photosV2/d54e44ad-5d2e-44da-915b-00532585bb50-retina-large.jpg,https://img.cdn4dd.com/u/media/e238468d-bfc6-4d26-8e61-6ca9bd574f00.png","Fresh grated coconut milk with touch of indian spices",[]
simple,108757008,"Goat Dum Biryani",0,"Pot sealed basmati rice biryani with aromatic herbs and spices accompanied with yogurt raita.",20,USD,"Biryani & Rice",",","Pot sealed basmati rice biryani with aromatic herbs and spices accompanied with yogurt raita.","[{""type"":""rec_product"",""title"":""Recommended Sides And Apps"",""wpc_pro_pao_option_products"":[1544,1545,1546,1547,1548],""title_format"":""label"",""place_holder"":"""",""char_limit"":0,""char_min"":0,""char_max"":0,""position"":0,""desc_enable"":1,""desc"":""Choose up to 5"",""required"":false,""options"":[{""label"":""rec"",""price"":"""",""price_type"":""quantity_based"",""default"":0}]}]"
simple,67665661,"Roomali Roti",0,"Stone ground whole-wheat bread.",8,USD,Breads,"https://img.cdn4dd.com/cdn-cgi/image/fit=contain,width=1200,height=672,format=auto/https://doordash-static.s3.amazonaws.com/media/photosV2/1a453e76-fbe6-4443-9c24-08cd4d238581-retina-large.jpg,","Stone ground whole-wheat bread.",[]
simple,67665656,"Garlic Naan",0,"Unleavened flour breads baked in clay oven.",4,USD,Breads,"https://img.cdn4dd.com/cdn-cgi/image/fit=contain,width=1200,height=672,format=auto/https://doordash-static.s3.amazonaws.com/media/photosV2/6aa9bbce-baac-47ea-acca-6fec1d87fd12-retina-large.jpg,https://img.cdn4dd.com/u/media/2a64b0c6-fc57-4fb5-b51f-8ee0459927d4.jpg","Unleavened flour breads baked in clay oven.",[]
simple,67665666,"Bread Basket",0,"Lacha paratha, butter naan and garlic naan.",12,USD,Breads,"https://img.cdn4dd.com/cdn-cgi/image/fit=contain,width=1200,height=672,format=auto/https://doordash-static.s3.amazonaws.com/media/photosV2/7b2ee322-ac91-4d2a-b0f3-1aac4972e8c6-retina-large.jpg,","Lacha paratha, butter naan and garlic naan.",[]
simple,67665655,"Plain Naan",0,"Unleavened flour bread baked in clay oven.",3,USD,Breads,"https://img.cdn4dd.com/cdn-cgi/image/fit=contain,width=1200,height=672,format=auto/https://doordash-static.s3.amazonaws.com/media/photos/f8f86f78-7739-48c9-8fa0-ce86eacdf1b4-retina-large.jpg,","Unleavened flour bread baked in clay oven.",[]
simple,67665664,"Onion Kulcha",0,"Stuffed kulcha.",6,USD,Breads,"https://img.cdn4dd.com/cdn-cgi/image/fit=contain,width=1200,height=672,format=auto/https://doordash-static.s3.amazonaws.com/media/yelp/8a5791d0-0e44-432e-a807-8f19fb0dfc0c.jpg,","Stuffed kulcha.",[]
simple,67665665,"Cheese Kulcha",0,"Stuffed kulcha.",6,USD,Breads,",","Stuffed kulcha.",[]
simple,67665658,"Pesto Naan",0,"Unleavened flour breads baked in clay oven.",5,USD,Breads,",","Unleavened flour breads baked in clay oven.",[]
simple,67665660,"Tandoori Roti",0,"Stone ground whole-wheat bread.",3,USD,Breads,",","Stone ground whole-wheat bread.",[]
simple,67665663,"Potato & Peas Kulcha",0,"Stuffed kulcha.",6,USD,Breads,",","Stuffed kulcha.",[]
simple,67665662,"Lachha Paratha",0,"Stone ground whole-wheat bread.",4,USD,Breads,",","Stone ground whole-wheat bread.",[]
simple,67665621,"Tomato & Fennel Soup",0,"Fresh tomato reduction flavoured with fresh fennel",9,USD,"Soups & Salads",",","Fresh tomato reduction flavoured with fresh fennel",[]
simple,10321396386,"Green Salad",0,"Fresh cucumber, onion, tomato, lemon & green chilli",8,USD,"Soups & Salads",",","Fresh cucumber, onion, tomato, lemon & green chilli","[{""type"":""rec_product"",""title"":""Recommended Sides And Apps"",""wpc_pro_pao_option_products"":[1544,1545,1546,1547,1548],""title_format"":""label"",""place_holder"":"""",""char_limit"":0,""char_min"":0,""char_max"":0,""position"":0,""desc_enable"":1,""desc"":""Choose up to 5"",""required"":false,""options"":[{""label"":""rec"",""price"":"""",""price_type"":""quantity_based"",""default"":0}]}]"
simple,67665623,"Mango Olive Salad",0,"Gluten free. Juliennes of mango, cucumber, olives, bell pepper, olive oil and mint.",9,USD,"Soups & Salads",",","Gluten free. Juliennes of mango, cucumber, olives, bell pepper, olive oil and mint.","[{""type"":""rec_product"",""title"":""Recommended Sides And Apps"",""wpc_pro_pao_option_products"":[1544,1545,1546,1547,1548],""title_format"":""label"",""place_holder"":"""",""char_limit"":0,""char_min"":0,""char_max"":0,""position"":0,""desc_enable"":1,""desc"":""Choose up to 5"",""required"":false,""options"":[{""label"":""rec"",""price"":"""",""price_type"":""quantity_based"",""default"":0}]}]"
simple,1179488642,"Mulligatawny Soup",0,"Specialty South Indian lenthil soupspiced with cochin peppers,olive oil and mint",9,USD,"Soups & Salads",",","Specialty South Indian lenthil soupspiced with cochin peppers,olive oil and mint",[]
simple,67665673,"Subz Raita",0,"Yogurt with cucumber, carrot and roasted cumin.",4,USD,"Side Items",",","Yogurt with cucumber, carrot and roasted cumin.",[]
simple,67665675,"Roasted Papadum",0,,5,USD,"Side Items",",",,[]
simple,8990669822,"Mango Chuntey",0,,4,USD,"Side Items",",",,[]
simple,67665676,"Mixed Pickle",0,"Indian spicy mixed pickle.",4,USD,"Side Items",",","Indian spicy mixed pickle.",[]
